이름,나이,성별,생년월일,uuid
정하린,14,여성,10-8-28,de2d612b-34f3-4184-9092-2073446ea876
이우진,44,남성,95-11-2,75bc58c1-8df0-40f3-878e-a9d8254dffbf
조우진,59,남성,21-7-25,12651d63-e4c6-4325-a942-ed4b936f6d34
정서윤,25,남성,53-7-18,717df1c4-d7f9-4a8a-932f-7b2ffb6cb5b0
장예나,40,남성,88-5-11,5183d207-08e6-485f-8a08-195be1084949
임지후,14,여성,70-7-27,f5704702-c2d2-487c-96f3-fbbafc8c2efc
최지안,44,남성,60-3-19,94f4c4ad-ede2-481c-b555-4470ab3dbdc0
이서윤,59,남성,28-5-8,253bda13-2827-4f5b-abe4-84849b53627a
임하늘,39,남성,9-0-5,84ba5551-b926-48ea-acd5-3999a6cfc56b
정하나,11,여성,8-3-11,785038c9-5263-4d3f-92bf-0a8ef6f10602
오도윤,18,남성,44-11-26,b30a4445-97d3-415e-b57f-abab577ccc2c
최나래,35,남성,78-6-15,4e94cef5-1008-4cae-8919-a3030cfd583d
조민서,34,남성,50-0-19,805177d4-01f2-49d6-92cc-e984007a2244
박민준,48,남성,93-2-25,6c78f51e-5c87-4f88-9986-b4d0cbf0e837
오시우,10,여성,87-7-17,7a37cef4-f4b7-4a22-9bbd-d247440aacb6
오채아,28,남성,99-0-18,b0f1d407-8aa9-499c-bcb2-0effe84b6e0d
최민서,67,남성,88-9-7,b2cfc5eb-a998-453d-ab9c-a24166a3d588
김시우,68,남성,58-11-17,72a73871-9a31-497b-9d70-63809c4560e1
김다은,26,남성,0-6-8,b4716219-4fe0-4735-a8e4-e2dcb28e1ccb
조예나,53,남성,38-1-8,7a1f3aec-2f49-42f6-adc4-91c2bd15aae7
임서하,45,여성,86-4-2,74cb5d05-690f-4afc-8ac8-d007eb27916c
박다온,24,남성,8-4-21,bc6049b9-f0e1-4257-a587-b73579adac5e
윤소윤,55,여성,45-5-16,bb18e5f7-7d38-43bb-8781-d2d7c53e0979
장서하,61,남성,22-0-20,6a1f4e12-9440-4796-9ebf-013f988bced3
장지후,50,여성,56-8-0,b156d48a-9030-4f63-910b-9a8a22682751
조하람,31,여성,94-0-21,bee290b8-8c71-48d6-8bae-384e7d60cf4f
윤채아,29,여성,25-3-25,1a324ce2-b3c2-4910-a94a-7c74c6ebe56e
박하윤,59,남성,0-2-11,4ea019ad-6857-4750-9b8e-003a6455fd11
오도윤,15,남성,89-7-24,7546fdce-2ca7-49e1-9664-2b099956effd
임시우,27,여성,90-3-4,2ccd54d1-fb6e-4022-810d-494b7b184a18
윤지안,57,여성,33-3-20,01a6af48-a3b5-4770-8ce2-9e41633f95b2
박하윤,34,여성,25-9-13,496a511d-b3d9-4063-8fa8-38fc55236c43
최다인,25,남성,40-4-3,ae94825b-3630-4154-8d1f-8e608cb6e591
박현우,51,여성,95-11-12,744964f2-db66-4f54-b121-236530c53632
조민서,47,남성,94-7-5,1f1064da-6a5d-4605-8baa-44b6c42ca66c
조지안,48,여성,17-5-1,cf1a06f0-07c8-4088-b9d0-0d0baca67aa1
정나래,27,여성,84-10-19,0f00b324-3cb3-40f3-a661-6923ca48d824
임서준,18,남성,48-8-9,d7f5f07f-4c29-40a6-98e4-69aa8e063c29
장서하,58,여성,50-2-1,8e2cef3c-2a46-4756-8fa9-d7cfa0e89d55
김민준,45,남성,54-10-8,3b65d5a4-9ab3-47b7-ada7-2c318782b15e
최시우,49,여성,5-8-12,d0457851-1f9e-4bc8-84b1-1a0999317fa7
조지안,65,남성,99-11-3,c61cf0de-c7b1-457a-9c9b-f576c18495bf
조지훈,17,남성,78-1-5,23e45a19-c309-45aa-85c6-1b7acc0d6a26
오하늘,53,남성,27-9-7,dcb42c21-2106-4788-9dc4-53cdf4a2f756
임하린,39,남성,69-11-9,2dcbc4d0-8379-4a02-be0e-0fee52c79d1f
장하늘,17,남성,76-2-13,7c70e878-a068-4882-8b12-b08085f72df3
조우진,38,남성,12-4-2,cbe9f42c-e62a-4bd9-ac60-655c39e97d65
임채아,28,여성,21-9-12,e7a9e286-613b-477b-99b0-ebe2f07d623d
조지안,36,여성,61-8-26,6fe24669-5ca9-4c44-803a-73f7f711ddfe
김다인,49,여성,37-2-1,cc647bc1-1448-416d-a0b4-958ab9cf1b2e
박지후,61,남성,81-1-12,3259d360-a14c-42ff-aba4-70c0563f78ce
박우진,35,남성,14-11-7,a7b6b437-2ff5-4eaf-a891-7a119a66640b
윤하람,64,남성,31-4-4,67c7e10c-b88c-484c-85e2-c209be0d1139
이하람,43,여성,76-6-2,149ec721-44a2-4f0a-94b8-2ec11d034c42
조라온,66,남성,79-4-16,2f4af946-1447-4344-ae92-499954ab4fad
윤하윤,16,남성,99-3-16,d3166794-d8aa-4ab1-8fff-bb749f0ff644
윤하린,19,여성,58-2-6,c2b4fe07-941d-4f74-bd79-d69ee627ac91
최서하,42,남성,0-8-13,6558dbc2-92ef-46c8-872d-a3b570aa3972
임지안,59,남성,57-10-21,abad3fb6-32ba-47ea-b869-34d9e1b903e3
최시우,63,여성,52-1-23,f2576f01-95c1-48e6-afa2-d0e7aad4604e
이현우,69,여성,51-5-26,1b51f5e5-48ef-4e5e-92b8-8d8109fd08ce
최민준,10,남성,88-2-18,f84ca12d-e664-46e3-a280-cd6d656f97aa
임시우,17,여성,90-7-11,4d60db3b-93e7-4d70-9ea2-bae24f930178
조하나,20,남성,98-1-26,4048bcfa-6491-4317-8bf8-9f099c39babe
윤나래,32,남성,33-8-17,d62d4dce-1665-4e07-8640-1b8f2fef90b6
김현우,26,여성,16-11-16,1d87d486-9829-4c4b-b06b-e80e5736e110
장시우,13,여성,67-7-29,67741b14-d645-4e4f-899f-bb465c3cd5d3
오채윤,57,남성,98-10-28,4d8185cf-023f-4ced-9216-be06bac8464a
이나윤,31,여성,39-6-26,1cc75c78-c5ef-481e-bb2c-228864829016
박나윤,27,여성,40-6-0,d7acef7e-4e56-4da3-b2df-1d6e10c3e682
장도윤,19,남성,3-11-16,4d621694-072c-4a97-8f94-b33710e839f9
김하나,18,남성,54-6-21,6a5ea801-1fe6-446a-a4e5-83aab5b827da
오다은,48,남성,51-9-12,5b4aec42-d759-4ed8-963c-804d382f2b3b
정하린,37,여성,4-7-0,874d66d1-f75e-40fe-a2ef-62908de4299e
장하람,65,여성,52-9-17,b277da05-712a-4f65-95d5-9fbe4bccbf4e
박도윤,53,남성,70-11-20,9b84f2c6-511f-4f0c-8f83-7303ace86067
장민서,50,여성,54-9-16,b565939e-e8a0-4558-9fbe-9292d64548df
정도윤,33,남성,33-10-27,f5ab3e02-4336-4173-9da6-1e4247e1c5ed
임하늘,19,여성,4-7-14,80c7ff34-812b-4a30-9193-9eb53b2913ab
오주원,25,여성,87-2-5,71db94d7-37a6-4035-bfaf-7706a365bdcd
장지후,18,남성,32-8-14,7783ea34-9de7-4c82-9c0b-513db82ee8f5
최주원,22,여성,76-1-25,abc46d8c-050d-4408-bfb4-17798f9902fd
이나윤,32,남성,42-1-17,93df6839-2def-442f-a2d3-a17c9ba717ed
오다은,41,남성,18-6-24,fed9e4fe-870e-4cd3-b0d3-fc196c1a7aff
이민준,46,남성,64-10-18,66d1611b-052c-47b8-8f9e-80ecced45ccd
장현우,35,남성,70-3-4,74fe9370-73da-438b-95a3-22b0cb219ee0
윤소윤,56,남성,57-3-19,5646afbc-a310-4744-b637-cadce075de57
윤예나,29,여성,88-11-12,3d138560-d29c-47cd-98a1-7db2f53b9ed4
박예나,28,여성,70-8-1,a9a47b70-c747-4b89-b7bd-1492f49b2a69
임예나,25,남성,53-9-6,0812679b-65a8-45dd-860c-1c9c552c2944
김민서,49,여성,38-1-9,1b8c7bae-3069-4a00-9e64-e769826f1b5e
박채아,20,남성,14-10-0,9c9c60f9-896a-49be-b0c5-d40233e001f1
오다온,10,여성,78-9-12,53fcd5e6-2c32-45b9-9b9a-78231bd488de
윤예나,33,여성,96-9-20,bc752a2d-a73f-4d81-9c55-7a22fc5ac9b1
정민준,13,여성,71-10-2,fccd44f3-9ccc-42bc-a70c-473e2463b3c2
박라온,16,여성,20-9-18,46e532cb-e68d-4642-ac2a-c1b491a7f79a
임채윤,20,여성,32-9-28,8bfc00bd-1cfe-4779-bc53-e15f19967a9c
이나래,27,여성,11-11-7,04e0483b-6904-4024-9983-9718f6bf905a
조서하,48,남성,23-7-16,b19f8eaa-2e32-4c1a-93aa-c1f294e4f9f1
오나윤,30,남성,58-10-8,14352bbe-6854-437c-916d-41a629a5757b
오하늘,54,남성,16-4-6,9412084f-23aa-42a4-918b-2f4912b01593
오하린,10,여성,79-6-16,9dc927a8-9206-4850-afa9-fa4a0a8c883c
장다은,39,여성,50-1-20,8e6b63bc-649b-4695-b21a-278b1c6109e6
김민준,37,남성,31-9-3,fece8b0e-b558-49c5-9159-5c90b810d983
임소윤,59,남성,10-10-1,36754f66-7f1c-4535-ab2e-6c53ad96cafb
조하람,43,남성,16-0-15,3afae1d0-d20d-4a49-8e56-7192ab60b669
장주원,62,여성,82-8-1,8c31cb36-e701-4a6b-9764-4cbdd567d9ed
이예나,49,여성,22-7-0,6c3adde5-ec73-46bf-890b-a87f85c29a39
정채윤,28,여성,16-0-0,b0315b03-f540-4ddc-9214-14342ff87b09
윤우진,24,남성,0-9-25,3dfeeb9a-8cf2-4125-95be-ecb87baa989b
박주원,14,남성,92-9-23,04a53bc8-9b0e-4148-8503-8af9cc5b0ef0
윤채윤,20,남성,81-10-19,244f6c73-ebc3-4ff7-bcab-dc3f9463c84d
최지안,25,남성,5-6-0,c245afac-9bd9-469b-b08c-a302b2376e69
최하람,55,남성,57-2-2,03b0b53d-2324-44c9-a4ad-8b7db9bd5852
김예린,12,남성,51-8-18,2341da70-0a2e-4156-977e-ed8870f780dc
장다온,64,남성,36-3-4,dbc016e6-864b-4380-b9c1-6aea152ed760
윤지훈,69,남성,11-3-27,a638bb24-06b2-4241-9da5-9629d2427e6a
장우진,55,남성,22-8-22,0bcf6c8a-791e-42b2-9f88-9924a0c7a57c
정하준,35,여성,88-8-28,58863bdd-bcbc-4d4c-847b-36be8a72032a
최서하,60,여성,94-7-24,e30ab402-2586-4bff-bc5c-b56d66169db2
임주원,20,남성,91-0-23,64ad1728-e766-429a-a2bc-0a821d48eec7
조우진,18,남성,95-11-6,aea69c93-f846-4974-9a07-a71d9fb69599
임하린,68,여성,67-0-23,894470cd-0882-4f2c-a3ef-44e796d12c77
박시우,34,남성,12-4-12,a93934f4-515e-4c86-b1da-ed5bce5fc00f
임하늘,15,남성,78-3-0,7daabde0-afd8-4677-8a99-4fd0193d6637
정하윤,21,여성,38-5-18,15539f05-33fd-4762-ad56-0fae730cffa2
정서윤,31,여성,70-6-7,219075e3-2bba-481a-94e6-d0ebb8a308fe
임서윤,53,남성,18-2-25,9c2aa402-200a-4cf4-9188-6060a1388fb9
최하준,69,남성,30-6-27,4acacd20-9a2a-49f8-b9c9-9100ddb7066c
조소윤,50,남성,59-8-29,d5fd5e72-e2d5-4a48-b648-ad419586155c
정하나,40,남성,67-4-3,62ec6cb0-6cf5-423a-97fd-a11ff9c66168
정민준,30,남성,8-2-4,50ff9688-2a77-4b11-aca2-0d7194dda134
윤예린,33,남성,60-2-27,81a8a38b-4fcb-4cc2-8c93-364739254557
김서윤,35,남성,26-0-29,66b99bd2-fe76-426b-bf11-b5bb5ffa41fb
임지후,30,여성,95-9-27,cf13730e-6536-48b3-ae56-5b8d02f82bf7
김하윤,42,남성,67-8-19,c3ed59f3-4e28-409a-88d6-2491f76bd7f0
박하린,23,여성,10-8-15,1a02400f-44b2-4b93-820b-98037780a361
김나윤,59,여성,35-6-1,b1869db8-f909-492c-844a-dfb809ef691e
오서윤,41,여성,9-10-29,614a4576-68bf-4121-864e-02cb6f71bf53
오하람,54,남성,55-10-24,87e26756-a14a-4955-86ec-7b5bb42ff237
윤다인,34,남성,82-5-0,1cc732a5-8144-44d2-803c-6a219d7f96ae
임다인,66,남성,85-9-4,47a66dd1-2560-4fa5-8a19-d5c9b797682c
이채아,14,남성,62-4-6,05c44f81-ff84-48d0-90b8-ffc52a6335a2
박나래,69,여성,38-1-5,b6599a36-dd1c-42e8-94d9-314c5da05c02
김하린,51,남성,5-7-11,4cd35aa9-3ec9-4c81-a734-243e9d1ee9d7
조민준,23,남성,29-8-20,becc17a6-155b-4abb-b44f-fbb4d3c45538
윤민서,68,여성,2-3-23,10c7ed34-6114-42a3-b117-5125d1209210
조현우,43,남성,32-7-28,c9d0f665-fb92-4ef9-b714-787e77778092
윤서준,10,남성,26-9-25,21023641-5e93-451a-a4e8-da8bc45006e7
박다은,27,여성,64-9-0,dc031477-a97c-4fa5-a528-0ad6db7e72c7
박하린,22,남성,87-1-10,18fa55d6-9fa5-4b99-a8bb-91b8b8709e92
최서준,69,남성,2-5-12,645ead8f-62bb-47b0-9f6c-3d8ee70c3209
윤예린,30,여성,54-5-19,72e08d32-d72f-4b29-b546-f8bfe3642072
김나래,33,남성,1-5-2,a2dcc243-47ae-4baa-9930-2171deb595dc
이예나,42,남성,87-9-10,d3662e78-e717-46d3-8f9d-0106950d5442
오채윤,39,남성,7-4-6,37ac0310-11f0-4ccd-ac11-86d524596772
이예린,38,여성,52-3-17,f686c016-a9e5-4ae2-b694-0f2cd42c64e6
최하린,24,여성,88-8-19,baa52cdb-fd50-4f6e-995b-d87f9bdbeb81
윤다은,56,남성,75-7-3,c4a2f3ae-5704-4da0-aca6-03b7ea8981b9
장지안,18,여성,13-6-20,c7f7a752-0ff5-4f6f-b69f-9d716878fada
이다온,65,여성,67-3-18,8ac0229f-0187-4578-910d-b0a3a891c0d0
장하윤,37,여성,24-1-19,851dd222-de1f-4e0f-bdd2-abc5479066d2
이현우,57,여성,92-4-22,703a6ea7-f9d0-4557-85a1-7b78234a3321
오소윤,51,남성,17-5-27,b9b58823-9f15-4167-8ec9-5208c2d65c68
조서윤,59,여성,24-11-16,abb931de-4d2c-4540-9a79-efd609cc0797
최도윤,10,남성,75-3-7,cc533b68-0540-4ea4-a567-73c2e2c068e0
오채아,69,남성,90-11-18,2579b86a-719c-4c8d-960d-6266a282334e
장하윤,69,남성,95-7-13,2e03270b-a041-4445-8755-7623c76af3a6
박라온,69,여성,45-7-20,0bd4ee1c-08d8-46b8-8ecb-d8b26ae3102c
이지후,29,남성,75-3-26,18e833ca-9c1b-4970-8d70-65f1822e6357
조소윤,50,여성,65-9-20,36caab16-ac17-4fb0-843f-3a72131ea5b4
조하람,46,여성,27-2-26,f4e58240-b816-4326-9bbd-f1ef8ae27c10
오라온,36,여성,28-2-17,93065f30-d09d-4aa6-b1d9-ec1bc27cbe3b
최민서,22,남성,41-9-11,7767fbb7-a1e2-46b1-bd3f-936153f744c8
김라온,49,남성,21-11-23,7992b2b7-6059-4eae-81ac-fa0d733ed62a
박채윤,57,남성,34-1-6,da439ca8-9fab-42e3-9dd4-0e3b491ff504
김예나,67,남성,27-0-3,ef156fb1-05f5-4329-a27b-880492dda696
김하나,24,남성,66-1-21,050fe748-f273-46b4-bc4c-96fa7f83c49d
박라온,39,남성,37-2-17,84b5fc19-6fe8-4029-90a5-b31e50bae763
임소윤,26,여성,81-6-12,09d3d369-340d-44ae-a5fa-538e2fa2e0e1
김지훈,12,여성,3-11-0,43fa04ef-6670-4c05-aa43-fde03313dc70
이지훈,31,여성,2-7-28,f1935960-83bb-4f6c-8f40-97ea921d1e69
임민준,59,여성,8-4-16,9b08ae55-6aa7-49fc-a72e-daa5c782773b
이채아,51,남성,61-11-24,00ae83c7-8e3c-43b6-930d-cd3f1b3a5625
이하준,47,여성,25-1-15,6fdea005-17da-44c1-8d1f-838f9d6088bd
오주원,60,여성,55-8-17,674061bf-18dc-4140-a1fe-f87ed1362cfb
오다인,19,남성,41-10-19,39eebbfa-6137-4a3e-85ce-6d8c41eb5d94
임서윤,37,남성,55-8-27,1d001385-de50-4205-9382-907a5cb07516
이우진,65,남성,75-8-20,7c747c09-de0f-4422-b89d-fd1b82d6a048
박서하,43,여성,88-5-26,fef1a5de-c4cd-49f0-9d40-8a590957d2f4
장하람,17,남성,83-4-9,5d383ec8-926a-4576-8752-c8982bf8295a
정하린,47,남성,90-8-26,ed7f7cdb-ebfe-404a-ae51-90f5982c140f
김서윤,68,여성,54-4-28,8f018c95-499a-4e45-a6ee-e2cd0cc5cc5b
김서하,54,남성,62-4-14,0723f924-793a-48b1-ba25-9fbba6736f4e
윤예린,57,여성,63-8-1,790d5648-e795-4784-be9a-d6af210538fa
윤다은,37,남성,58-5-20,c99c58e7-d23a-40ec-8651-9152bb76caa2
최다은,19,남성,16-11-21,f18ceba0-6bf4-452f-a0c4-7001de14a77d
윤지훈,21,여성,21-5-24,a002fe2f-4d94-4cd6-a455-0b25bc09a359
임하린,48,여성,27-6-25,87f97486-577a-48e5-b37b-6c7e90fa328e
조예나,46,여성,36-11-1,e5e70a2f-f94a-47dd-bb14-10ce58d2c4fb
조서윤,65,여성,75-4-2,917fde9f-1f6b-4613-a7a1-1f702367e6f0
이도윤,56,남성,16-6-21,35b23201-6d60-4085-af5d-714b17b925e3
박예린,23,남성,81-6-12,5a5ac2ff-4c30-4b3e-8568-f3a2a099ad4e
이하윤,45,남성,71-10-19,8aaa781e-85ea-439c-8d62-ae9fb0f30913
장예린,57,여성,7-10-15,36ec32a1-fdbf-498f-ae4d-16a0a0482f28
이나래,12,여성,78-10-14,1aefb048-8a76-4aee-b595-86e8eecaede2
오다인,36,남성,66-0-27,4f8a6503-58a2-452f-b0a1-24923f460e6b
최하윤,43,남성,45-10-16,e41eb545-5e98-41b3-8863-d39c09805563
김서윤,35,남성,34-5-2,a8e612f2-985c-4f47-86a5-fea3c5d54780
김지훈,54,여성,2-11-3,0fe7de6c-4deb-4072-af21-6743b03777b3
오하늘,27,남성,60-8-1,cc9ec696-3a82-44c5-b227-338a58ac5b87
윤라온,28,남성,63-10-7,6bad0a52-498e-4e8a-8c21-302b38e42bd1
정라온,13,여성,68-9-19,327e292c-b578-4b18-b374-7ee18f3f1d59
조서윤,27,여성,56-9-14,d898d151-85b1-4445-87d1-7e9ec9958a47
임민서,61,여성,22-1-13,9c272f89-d510-471f-a9f8-50d94c7d1a0e
최서하,25,남성,28-9-19,538b9c2b-801f-47ad-bd1e-4a69f468b502
오다온,37,남성,90-5-15,f8e5de18-c265-426a-96e0-66773536678d
박도윤,30,남성,68-5-8,7db536f6-2406-400c-94b1-fefd37a9822e
오현우,45,남성,91-5-9,b9a81782-c97e-4a89-a970-ab8090b588fa
윤현우,33,남성,13-7-3,271b16f8-1b15-465e-9b08-856abd5d68de
윤지안,34,여성,23-5-15,235de983-54dd-4d5d-a7b0-d491144573cc
오지후,40,여성,90-0-12,d6a0c867-f6da-43fa-a54f-9b5896192de4
장시우,64,여성,87-2-5,637dda07-b021-440c-9019-8ba750571a01
박서준,25,여성,77-0-28,9d691050-4af6-4310-9515-471af50b204d
최현우,47,남성,68-7-10,18267714-44e0-47c7-9be3-756297c999bd
박하나,22,여성,77-7-21,2c8d9017-ee6a-474f-9a24-84e501500535
정도윤,61,남성,31-0-8,7b6dbc2a-143f-4ca0-9e21-d18549d89600
오현우,60,남성,23-3-8,91833fba-c4bf-4ccf-9888-6546cd67b6f6
조도윤,31,남성,91-2-23,dc54a8cf-0be8-4abe-812a-c7356289b2f8
최지후,61,여성,86-1-29,3f6fc33f-2171-46ff-b8f6-55eee7b7e510
장주원,67,남성,42-7-6,13229493-e93f-4064-b1e4-1d11db5f5f6e
윤라온,23,여성,55-8-15,b967a34c-a3e8-4e42-aa32-f47358393048
이서하,59,남성,62-2-5,fc6cbd61-ce3b-4709-8003-47ff30fa07ea
윤다인,26,남성,68-6-29,c80f369e-c006-45b1-9ae1-eb11d05cb19a
최주원,58,남성,40-4-19,2d888499-676a-430a-9481-60624029d06a
정하윤,29,남성,90-3-24,316304a5-82d3-40aa-8e2d-b6f8c3e1d8e7
이채윤,13,여성,26-9-10,66d2f477-f0da-4dd0-bb72-ae30502d412e
정소윤,26,남성,59-7-3,812b98c1-f638-4730-be63-c55b6ec9984c
정서하,14,남성,44-9-24,33b91b44-12f1-424b-919c-3edb3e594a37
임소윤,36,남성,71-8-0,45c463a1-ce13-4b6b-83c2-a035eed21477
정하람,15,여성,9-8-24,8ca02cd6-7d25-461b-a2c3-9c2a85764c26
박지안,60,여성,65-2-26,c8509824-303f-4dcd-abbf-4d0908e6018b
임다은,48,여성,19-8-21,6e64ff6c-83f5-438a-912a-12608a9475f7
박소윤,17,여성,1-10-2,d86cf42a-85f9-4b16-9070-67860a426a9f
박라온,47,남성,10-5-25,870eed21-e1f2-4f1e-8b96-5b8c41de6fff
박민서,18,여성,44-9-27,91384ccc-a387-44fa-8345-40bdf16ecd32
정주원,66,남성,48-9-12,53533446-d365-4155-9684-9df08ddb667b
장나래,58,여성,86-10-21,dd0bc65c-40a7-4d59-887b-c867944b47f8
이채윤,31,여성,91-8-21,bf602ebe-3d5d-4443-a6bb-abf49ab6d7ff
장채아,61,남성,31-9-14,a1017baf-93a6-4b5d-86f1-440b97d81629
이다온,11,남성,56-8-28,a7ee529c-e809-4720-802b-abaa5ddf7460
윤서윤,63,여성,15-10-20,285a9d3f-112b-4a2f-b820-dcc42dac7845
오채아,45,남성,1-5-18,5f942dfa-dab8-4249-ad35-ad959f4f7217
박다은,47,여성,6-5-12,d22d29c8-ef41-4822-a050-db4ba7535d65
정서하,22,남성,87-8-28,eb521da9-23a2-4975-9673-2b02d45b6dab
정도윤,38,남성,53-7-5,c6b6e692-2b29-4382-9128-e8b62c809e04
오민준,10,여성,62-2-12,8917b8d4-ca87-41ee-9269-a42df07a490d
조하람,68,여성,53-5-15,6f63d8a8-edef-4e43-94ec-8ac914ff6ae6
이다온,40,여성,22-3-2,8c90969a-a02c-485d-b5be-09237fc77a93
정민서,34,남성,78-9-20,f8710e1d-3320-4083-8d21-fe1265c499ad
최다인,58,여성,27-3-0,76ca01d5-4a45-4b79-a5fb-c40de1033a0a
조하나,65,남성,28-1-25,f470ccf0-74df-438f-8162-6097a8570f8c
임주원,11,남성,19-6-4,cdc35736-2ca7-4b67-a311-9c7300a6c73f
장지후,19,남성,76-7-17,8ffdc0bc-dbc4-4008-9b61-ae63cbb8b3e5
장하윤,67,남성,40-5-18,e3ed462c-0aff-478b-8549-91c780bd317d
김예린,11,남성,0-9-19,a6f77c57-91f6-4186-a207-d35edb9c7487
김하윤,32,여성,65-10-8,b865d19c-f433-4b65-8db1-94833472d69b
김서하,49,남성,52-5-14,e420d51f-8880-4204-bd90-667d0550e5c7
장주원,58,여성,6-1-12,74e782ce-fc92-48b3-8756-38bc15abea5b
윤채아,35,여성,68-5-15,fdb89275-67ce-4b9d-a649-ce7a902ce794
박우진,15,남성,65-11-28,f76b2102-4ec3-43f3-af05-2309d611e999
장나윤,66,여성,18-6-2,8ddff43f-bbb0-4e0a-a65c-de41699a21b6
임하나,51,여성,14-5-6,46c91a31-3105-4238-b7b5-ad051eb9b0ab
김지훈,56,남성,82-4-7,622ae9fc-0d42-47e0-8988-d18a018e0599
이현우,59,남성,85-2-20,571426fa-2027-42b6-bfb1-cde04c8f8b45
조예린,27,남성,55-6-7,1dbc65e7-3400-4a25-a43c-577c843bb1ee
임하린,25,남성,11-7-5,f448fc86-fbec-4088-96be-9e77f0dacd7f
최다인,58,남성,91-10-12,1ab4582f-a0a9-4333-97ba-a31b4e84f6e2
오현우,16,여성,52-1-1,439ea288-2765-458d-b07b-8286d88ee979
장하린,29,남성,14-7-28,51ccdc0c-86d7-41b9-9a54-19c9019403be
임하나,65,여성,30-3-4,6917bea8-bc53-454f-8f9f-a368082f035c
임주원,15,남성,66-11-27,de9e9b2e-9599-4011-9d0b-77aad88bc39d
박서하,60,여성,55-3-1,b623000a-9fcb-4baa-ae05-036b817c1854
김지후,41,남성,31-5-18,b525e1a4-8e34-4f0c-8d7d-f7ba583892f5
장다인,19,남성,48-8-20,553399c2-ea1c-48c0-a8ab-26bb39c98790
최도윤,38,여성,71-1-24,9ecd40ea-ab9d-4dc2-969c-fa4dd6b4fff4
조하린,31,남성,98-9-20,7d8a3897-ed00-44c4-ab42-1e424c66279c
임지후,33,여성,53-0-18,f5ce88ec-c7fd-42d7-8d79-b2bf3d9087d7
최다은,10,여성,78-2-9,b100e818-6b9d-4b69-9f08-b6495297e7fc
오하람,28,여성,36-4-10,903212cd-33fe-4697-8e29-d21640316525
정나윤,36,여성,87-10-23,1aacc655-b522-49df-a94d-3c5e87c38756
임나윤,44,여성,32-3-4,e54c1008-5a5e-4d7b-99bc-2304c26d59f0
윤하윤,14,여성,82-4-11,25795a72-0b14-4bac-8640-38d8c18b77e8
정지안,11,여성,39-6-20,25595fae-f349-487c-83b9-f4484ea478a8
장다온,64,남성,98-5-1,be050ee0-e127-4149-ad56-13259cdbd168
장하윤,16,남성,9-0-16,dac3c11a-1f96-4985-bafc-1211bef37478
오주원,53,남성,54-0-21,0d4d9d9d-3049-4e6e-bb93-0441573761bb
최민준,63,남성,26-3-12,5a83c51f-c7fe-48e5-b21e-4769124b9b97
박하준,35,남성,70-2-9,f26c3ded-708f-4eef-814f-be7617aefefb
이다은,65,여성,70-11-23,55993da6-04c0-4abe-b077-c2d9e7f51266
